y1,y2,y3,treatment,g1,g2,g3
.7551555,.054498937,.13562642,0,1,0,0
.63903141,.92512929,.6142751,0,1,0,1
.75214517,.6942302,.88328344,0,1,0,1
.13627268,.41046754,.30198956,0,1,1,0
.90326899,.16362032,.4975487,1,0,0,1
.094068311,.41815799,.48371524,0,0,0,0
.5745703,.33757183,.4256677,1,1,0,0
.3728877,.30218264,.21954304,1,0,1,1
.2738741,.69648379,.37341708,0,0,0,1
.39027089,.52794898,.17731881,2,1,0,1
.012382771,.52468795,.98542005,0,1,0,0
.5237056,.052637614,.26611423,1,0,0,0
.68527126,.75865018,.023227068,2,0,0,1
.63733816,.98758239,.78744566,1,0,1,0
.82654977,.49259263,.78796703,0,1,1,1
.9456985,.79333544,.61564821,2,1,0,0
.75321853,.31920612,.82402271,1,1,0,0
.44891608,.33562705,.36020145,1,1,0,1
.046803016,.60791045,.74801207,1,1,1,1
.064594522,.61290091,.67481101,0,0,0,1
.74760258,.044915255,.29333678,2,1,1,0
.14931847,.23831172,.090440154,1,1,1,0
.42525488,.77410299,.26294187,1,0,0,1
.10004696,.67815042,.74467707,1,1,1,1
.14391404,.2008604,.018525289,1,0,1,0
.094172418,.43337768,.41748655,2,0,0,1
.53016132,.25313878,.92230046,0,1,0,0
.44619694,.76845384,.4712387,1,0,1,0
.77301884,.1455422,.06584499,0,1,0,1
.12251809,.74179512,.21022104,1,0,1,0
.74516553,.0037264628,.53656632,1,1,1,1
.32375824,.70004028,.79684567,1,0,1,1
.75096935,.91324741,.55823064,1,0,0,0
.80433244,.57129949,.53477603,1,0,1,0
.043517482,.3559027,.089542277,0,1,0,1
.92610252,.20604546,.92554402,1,0,1,1
.74364865,.96480983,.76684922,1,1,1,1
.41604862,.079827577,.19149321,0,1,1,0
.29762998,.5848,.51122487,1,0,0,1
.019300262,.45130494,.59466809,1,0,1,1
.69985998,.55760103,.9920429,1,0,1,1
.45944008,.51536345,.77246511,0,0,0,1
.53693032,.00013617464,.52424961,1,1,1,0
.48886228,.26198724,.47650254,1,0,0,1
.21169165,.8613041,.60114944,1,0,0,1
.60718137,.85970473,.37960663,2,1,0,0
.49307588,.64530623,.35190648,1,1,0,1
.38394585,.10031395,.90735495,2,1,1,1
.66710395,.98360753,.60238022,1,1,0,1
.4159793,.10972811,.64741653,1,1,0,1
.4345178,.92492807,.53970486,0,1,0,0
.091610648,.23416126,.88413376,0,1,0,1
.074240111,.95476812,.65451968,1,1,0,1
.82051641,.49908596,.67855448,1,0,0,1
.47750929,.97458148,.29617608,2,1,1,1
.443436,.96429157,.4623251,1,1,0,0
.99544877,.72621816,.12915033,0,0,1,1
.59494025,.54981303,.69590205,1,1,1,0
.61903948,.46453804,.98483586,1,0,1,0
.57680416,.051762674,.25917888,1,1,0,1
.86126697,.23110461,.78422409,1,1,0,1
.47571927,.62128639,.9367367,2,1,0,0
.82377136,.92982662,.46103084,0,1,1,1
.49178657,.25528973,.48391911,0,1,0,0
.4446089,.34641531,.53321171,2,1,1,0
.31002823,.35852388,.98801267,1,1,1,1
.29705068,.45387778,.93412411,1,1,0,1
.52279234,.56767535,.98085672,0,0,1,0
.364871,.57968259,.72830653,2,1,1,0
.76379782,.11072168,.2990154,2,1,1,0
.30548465,.97052962,.4679471,0,0,0,1
.68605399,.0095802005,.26454931,2,1,1,0
.72909564,.39397764,.5784899,0,1,0,0
.65071666,.7669937,.02871667,0,1,1,1
.81625825,.49569744,.24061745,2,0,0,1
.78712803,.77701879,.57096201,2,0,0,1
.6520915,.24547891,.055339415,0,1,1,1
.79384792,.22453913,.1293899,1,1,1,0
.40255865,.62473732,.0045782435,1,0,0,1
.93661445,.37612197,.88195038,0,1,1,1
.34776339,.828201,.64160979,1,0,0,0
.2994616,.2540217,.50809836,0,1,0,0
.73813266,.46522391,.56210208,2,0,0,1
.59388059,.66676617,.041382443,2,1,1,0
.3526423,.42443424,.85916245,2,1,0,1
.13868514,.55832547,.60795403,2,0,1,0
.62466627,.88078374,.9895615,2,0,0,1
.59272206,.30915073,.31169927,1,0,1,0
.52161187,.11352444,.99041581,2,1,0,0
.61291343,.70335525,.31531033,0,0,0,1
.059174314,.27977678,.11482748,1,1,0,1
.36695576,.74467528,.50392139,2,0,0,0
.73533833,.9986257,.045410778,2,0,1,0
.61175758,.47428656,.13450024,1,0,1,0
.39551026,.93429625,.98997444,1,1,1,0
.93236077,.60170501,.39174268,1,1,1,1
.74064559,.23242989,.59005308,1,1,1,1
.23012385,.96578443,.26360354,1,0,1,1
.52911973,.8162086,.32899669,1,1,0,0
.12385128,.20128123,.18772803,1,1,1,0
.78751528,.87693393,.87037212,1,1,1,0
.23474663,.53493559,.98138183,0,1,1,0
.09243609,.30140448,.098118141,0,1,0,0
.88993031,.1415612,.93678325,2,1,1,0
.47203854,.65894461,.68722099,2,0,1,1
.1131113,.97570562,.49571669,0,1,1,0
.69243908,.3520695,.22904861,0,0,1,0
.12722519,.80556828,.4298256,1,0,0,1
.72013587,.90324992,.62187195,1,1,1,0
.60477102,.95281959,.76373285,0,1,1,1
.35596734,.202884,.39809671,1,0,0,1
.76893932,.066518471,.70388705,0,0,0,1
.92914468,.1570628,.10073085,0,1,0,0
.99627751,.84015602,.38844588,0,0,1,0
.39055485,.69750291,.24132431,1,1,0,1
.37140784,.59315926,.25927892,1,0,0,1
.83227438,.86851144,.12963103,0,0,0,1
.76492727,.15531506,.81298983,0,0,1,1
.65872687,.26928753,.4925119,1,0,1,1
.88339299,.38545296,.65271258,1,1,1,1
.065644003,.60635096,.42921537,0,0,0,0
.32446668,.64680761,.28654572,1,1,1,1
.2931456,.41245714,.28582492,2,0,1,0
.41647983,.11805564,.7461527,1,0,0,0
.16057776,.81404209,.47493485,2,0,0,1
.85171527,.88430923,.86565292,0,1,1,0
.48586193,.47206348,.73316413,1,0,0,1
.29091239,.58625472,.74139023,0,1,1,0
.81886935,.86196798,.090842366,1,0,0,0
.42867887,.95957851,.7548725,1,1,1,0
.079924464,.50300032,.64357567,0,1,0,0
.87595427,.19149333,.46190038,0,1,0,1
.7919578,.0017162237,.1214963,1,1,1,0
.90326732,.51258075,.13124569,1,1,0,1
.85489661,.86250865,.41141343,2,0,0,1
.026629033,.31795329,.8921032,1,1,1,1
.74466532,.036562506,.29306051,1,0,1,0
.070044875,.16745034,.73471051,2,0,1,1
.20633699,.38423872,.77575642,0,1,1,0
.63006848,.07445211,.84997189,1,0,1,0
.44279739,.91024435,.59568012,1,1,0,0
.33278665,.53011721,.27576795,0,0,0,0
.35678869,.66219628,.52624756,2,1,1,1
.70435369,.79307336,.20867011,1,1,1,1
.3384414,.76309609,.5424642,0,0,0,1
.74262327,.76408088,.076111339,0,1,0,1
.16383871,.63186139,.80780941,0,0,1,0
.65210652,.12890847,.91784537,1,1,1,1
.081188709,.060123961,.74498397,1,0,0,0
.40046057,.17792733,.54147446,1,1,0,0
.35841459,.1391477,.93148935,1,0,0,1
.51675022,.014578984,.50360215,1,1,0,0
.67160022,.46921685,.54316765,2,1,1,0
.72179532,.83737415,.11683337,0,0,1,1
.5017668,.3538183,.22502154,1,1,1,0
.52280623,.98515534,.9212544,0,0,1,1
.39730319,.43690699,.6372425,1,1,1,1
.79171175,.21095981,.85373604,0,0,1,0
.18761297,.35541147,.51360959,2,1,0,1
.34968078,.048760593,.074616678,2,0,0,0
.55449605,.88069719,.97894388,2,0,0,0
.081224062,.63157648,.37568447,2,0,0,1
.23327154,.0024049808,.50356221,1,0,0,0
.43244725,.099681288,.8117494,2,0,1,0
.47325927,.99475616,.94592011,2,0,0,1
.21770586,.33906487,.95662129,1,1,0,0
.59824336,.12399141,.87330306,1,1,0,1
.99075705,.33443478,.54908502,1,1,0,0
.90268433,.26262128,.60791856,1,1,1,1
.37999251,.47033963,.27499655,1,0,1,0
.48221961,.48188269,.91941941,0,1,1,1
.29060477,.72707129,.23767555,1,1,1,0
.45250252,.37506109,.40494043,1,1,1,0
.31034663,.94443023,.82935888,1,0,1,1
.2890304,.62223679,.089410588,1,0,1,1
.4505043,.25071019,.70851296,0,0,1,1
.64120078,.83983624,.70573187,1,1,1,0
.062544107,.7135545,.40203249,1,0,1,0
.51071119,.75348264,.68042195,1,1,1,0
.35149553,.45647588,.71420401,2,0,0,0
.76352751,.84739858,.40274191,1,0,1,0
.42937222,.43476999,.79822743,1,0,1,0
.19936988,.39711747,.71899015,0,1,0,0
.00071877119,.47322452,.52648777,0,1,1,0
.63822484,.031679738,.045175441,1,1,1,0
.2715953,.16139634,.48137346,0,1,1,1
.17942701,.53011978,.98412192,2,1,0,1
.89924824,.27820477,.29208156,1,1,0,1
.79733789,.97802305,.24852499,1,0,1,1
.4084872,.7259708,.48334306,1,1,0,0
.10086387,.17957577,.97007483,0,0,1,1
.67464125,.52232063,.46023872,1,1,0,0
.96548098,.60980064,.2335631,1,1,0,1
.27094942,.4843291,.60348904,1,1,1,0
.07437297,.8553865,.07873746,1,0,1,1
.63243806,.7103169,.30604914,2,1,0,1
.57402903,.61064667,.85341918,1,1,1,0
.17812748,.4160206,.13955301,1,0,1,1
.88858706,.033588078,.57286721,1,0,1,1
.44594777,.34906918,.84466004,1,1,1,1
.10256346,.43848792,.76270473,2,0,0,1
.16258222,.74694049,.68222636,0,0,0,0
.91018623,.63355458,.55251688,2,0,1,1
.45515075,.13284279,.52962029,1,1,0,1
.81644332,.43865514,.090720534,1,0,1,0
.41792366,.49337113,.25634202,0,1,1,0
.4284831,.0092343437,.87513596,2,0,0,0
.32348672,.8144241,.72516602,1,1,0,1
.10294445,.278054,.0815069,1,1,1,0
.19432707,.27737686,.69991338,2,1,1,0
.24057743,.86447549,.013571156,0,1,1,0
.87920952,.56396174,.42541721,2,0,1,1
.44416463,.69035548,.63718665,1,1,1,1
.20739566,.81474221,.97449178,1,1,0,0
.16229804,.92924613,.61792684,2,0,0,0
.17322178,.030168071,.10153587,2,1,0,1
.15858376,.70119977,.84879106,1,0,0,0
.12275074,.18237501,.9974227,1,1,0,1
.21079361,.71731639,.78535819,1,0,0,1
.95184964,.90126055,.41726699,2,0,1,1
.42599264,.65960228,.83011097,1,0,0,1
.39314526,.9526813,.79347593,1,1,0,0
.13391641,.27237651,.15007026,2,1,0,1
.12917158,.55613858,.60231221,0,1,1,1
.39985844,.41654223,.70298082,1,1,1,0
.19795196,.84268123,.99188948,1,0,1,0
.16185831,.8619259,.98520511,0,0,0,1
.33505544,.69577152,.37989917,2,0,0,1
.84559083,.28714162,.47830775,1,0,1,1
.65092623,.58041537,.99364543,1,1,0,0
.32582232,.092182159,.8026399,2,0,0,0
.92620999,.44910944,.15032822,1,0,0,1
.38873005,.95527393,.060185645,1,0,1,0
.59052187,.34057221,.89472866,1,0,0,0
.50782853,.15623417,.74221921,0,1,0,0
.42234418,.23106414,.95405823,0,0,0,1
.63235784,.62332952,.8407346,1,0,1,1
.93471664,.86775547,.46981373,2,1,1,1
.17956485,.77109736,.92564487,0,1,0,1
.4249745,.44588459,.77131015,2,1,1,1
.82667196,.9968586,.77021235,1,0,0,0
.64300555,.71010154,.14089611,2,1,0,1
.080563277,.69718933,.72753948,0,1,0,1
.77716005,.3725152,.82379377,1,1,0,1
.63270676,.14927368,.12400575,1,0,0,0
.90877914,.6493876,.95120311,0,1,0,1
.2305689,.11910592,.75108123,1,1,0,0
.86635429,.28652596,.47472069,2,1,1,1
.21656029,.47807893,.45382768,0,0,1,0
.41039941,.04480055,.36119097,1,0,0,1
.4156633,.64432526,.93969995,1,0,0,0
.6281181,.65662467,.15485826,2,0,0,0
.92392313,.67716283,.73385555,1,1,1,0
.72411191,.44805676,.95318335,1,1,0,1
.28504544,.24246874,.37983602,2,0,1,0
.18144041,.95831686,.80257422,1,1,0,0
.24799088,.9016614,.50847006,0,0,1,0
.36035112,.1566657,.24597286,2,0,1,1
.059149288,.05498689,.55623192,1,0,1,1
.15466268,.25663424,.75791937,1,1,0,1
.044397395,.7329343,.045698877,0,0,0,0
.016150808,.31025222,.52471584,2,1,1,0
.45150369,.032852247,.51485282,1,0,0,1
.23465237,.86595261,.55300802,1,0,0,1
.027210722,.98882204,.063853212,1,1,1,0
.35751337,.47450548,.2598291,1,1,0,1
.54955417,.68125707,.38097376,0,0,0,1
.17383163,.251544,.95271164,2,1,1,1
.68993407,.11846175,.16818921,0,0,1,1
.78928876,.68016046,.32302749,1,0,0,1
.51162148,.53719789,.076019965,2,1,0,1
.073584683,.25248963,.84227937,1,0,0,1
.05750763,.26390085,.67664564,2,0,1,0
.58688211,.70784724,.038136471,1,0,0,0
.9746272,.51144379,.76441616,1,0,0,0
.53047282,.38144481,.30337664,2,0,0,0
.16983484,.56414211,.31374982,2,0,0,1
.73818558,.83184075,.26065898,1,0,0,1
.10344495,.94232917,.74957347,0,0,1,1
.53007668,.87437046,.74313116,1,1,0,1
.86640054,.3558805,.77991015,0,1,1,0
.9181,.86436218,.30137199,2,0,1,0
.15245441,.70102084,.021070976,1,0,0,1
.77980709,.27950117,.081463292,0,1,0,1
.94313276,.45374888,.19061822,1,1,1,1
.53826827,.92288643,.57002348,2,0,0,0
.71883202,.42695013,.29552782,1,0,1,0
.15075873,.10089996,.4624894,0,1,1,0
.98105234,.52692133,.91249663,2,1,0,1
.10576119,.04170353,.046365995,1,1,1,0
.15027155,.41016057,.65462136,0,0,0,0
.82854766,.81121796,.85004181,1,0,1,1
.46274,.19306476,.51627266,1,1,0,1
.70270979,.010948257,.58495027,2,1,0,1
.9690125,.78265804,.92254972,1,0,1,0
.4647834,.48078462,.55906278,1,1,0,1
.029883025,.31698307,.20674403,2,1,1,0
.95443577,.91447669,.99942595,1,1,1,1
.66349983,.8579185,.76417238,2,0,0,0
.45476246,.24440955,.23686083,0,1,0,1
.16413407,.89794195,.83117718,1,1,0,1
.10303896,.98141468,.99310237,1,1,1,0
.1519274,.26571217,.76859283,1,1,1,0
.88871497,.20333137,.60153091,1,0,1,0
.1518351,.52990454,.0035843949,2,0,1,1
.24283795,.014888383,.90665656,1,0,0,1
.15480955,.6059373,.42923945,2,1,1,0
.4331457,.68807173,.49965885,1,0,0,0
.61566108,.41284427,.364546,1,1,1,0
.3813867,.69594735,.92789185,0,1,1,1
.61260396,.89790773,.3869397,1,0,1,0
.31171477,.071916156,.83471751,1,1,0,0
.90118843,.58335769,.64097536,1,1,1,0
.72429729,.73515719,.34675479,1,0,0,0
.70421064,.69899881,.95734423,2,0,0,0
.052851096,.88624048,.7531153,1,0,0,0
.12279625,.37178764,.16991687,1,1,0,1
.35186994,.55641901,.42515922,1,1,0,1
.90979522,.54008758,.74766135,2,1,0,1
.10915845,.45156837,.34494945,1,0,0,0
.47020945,.43456331,.5190354,0,0,1,0
.99943477,.7157684,.69309187,1,1,0,0
.83736998,.51551598,.98552573,1,0,0,0
.81891882,.76730728,.32022446,1,1,1,0
.5837419,.85547739,.33754957,2,0,1,1
.45290378,.9684599,.54227585,1,1,1,0
.85913664,.96151757,.29608461,1,1,1,1
.62268347,.92792553,.42518079,1,0,1,0
.64127672,.58700681,.67225218,2,1,1,0
.034405708,.48596931,.87783748,1,1,1,0
.90696162,.84769464,.5702436,1,0,0,0
.79645693,.46017829,.29468399,1,0,1,1
.16402426,.99182266,.068100341,1,1,0,1
.9720183,.21825968,.24029487,1,1,1,1
.18298779,.92273217,.62787479,2,0,1,0
.15538573,.94723308,.35736901,1,0,1,1
.58682925,.44070101,.50138986,2,1,1,1
.87694186,.36789119,.007123746,0,1,1,1
.55920881,.58610129,.43460357,0,0,1,1
.053243078,.89372283,.52017808,2,1,1,1
.97286952,.15676539,.59051341,1,1,1,1
.94258839,.38499236,.85525185,1,0,1,0
.54047853,.99624908,.44839349,2,0,1,1
.11396305,.45834318,.90895891,1,1,1,0
.40415424,.29245803,.22843413,2,1,0,1
.83464807,.36790547,.69790703,2,1,1,1
.9234302,.42301157,.68442178,2,0,0,0
.1338426,.22388919,.21538523,2,1,0,0
.080531791,.43738249,.23424563,1,0,0,1
.57214314,.84234947,.82875937,0,0,0,1
.19852646,.1179139,.026361847,1,0,1,1
.092158198,.37738851,.52239758,0,1,0,1
.66122013,.12638831,.56042528,0,0,0,0
.52393496,.73570555,.095466144,0,0,0,0
.38873184,.55364048,.16307801,0,1,1,0
.67514825,.17791882,.24988742,1,1,0,0
.54278666,.78852284,.48131928,2,1,0,1
.021755656,.96006572,.94519818,1,1,0,1
.46960279,.59505141,.62457591,0,1,1,0
.74435514,.71509778,.78958213,1,0,1,1
.84048104,.11954559,.81578541,2,0,0,0
.17283531,.73830789,.70325571,1,1,0,1
.50180668,.3372373,.55457455,1,1,1,0
.56788218,.40233266,.20078103,1,1,1,1
.03042732,.14808486,.092634536,2,0,0,1
.40276769,.65724307,.17586389,1,1,1,0
.80620843,.44097799,.0066679013,0,1,0,0
.068329528,.87209386,.15941213,1,1,0,1
.94459718,.38998732,.29229885,1,0,0,0
.47315586,.089761883,.21925241,2,0,1,1
.35152224,.071401395,.75493944,1,0,0,1
.86928076,.74434131,.28028449,0,1,1,0
.41709888,.42682528,.40717062,2,0,0,0
.5999887,.91712123,.51515108,2,0,0,0
.73282921,.41309527,.50250077,1,1,1,1
.86164171,.98868364,.95519328,1,0,1,0
.46062917,.017907714,.66078621,1,1,1,0
.69741219,.6759581,.5113889,0,1,1,0
.019379096,.059199054,.87074673,1,0,1,0
.38811114,.90650153,.064915143,2,0,0,0
.43734503,.070555232,.68911141,1,0,1,1
.11335573,.13780637,.070343368,1,0,0,0
.82101786,.16399997,.56251347,0,0,0,1
.37324911,.9944343,.53006274,0,0,0,1
.15446819,.37394986,.81578666,1,0,1,0
.052647654,.40177885,.40558484,1,1,0,0
.19884336,.38578105,.31621301,1,0,1,0
.58005714,.5371111,.31651428,1,0,1,0
.63550067,.83682626,.82772225,0,1,0,1
.64121306,.40912795,.51779342,2,1,0,0
.36348987,.57304651,.95630234,1,0,1,0
.11570615,.38480195,.66198474,1,0,0,1
.79810286,.71657932,.73188657,2,1,0,1
.52429539,.52138513,.67854142,0,0,1,1
.77192301,.64135039,.79971528,1,0,1,0
.99529105,.26497647,.93576533,2,1,0,1
.46140444,.83015865,.71555668,2,1,0,1
.70549154,.040858723,.53240073,1,1,0,1
.11809346,.044099782,.95902383,1,1,1,1
.33944246,.51354647,.43678573,1,0,0,1
.70172024,.01213321,.23577285,0,1,1,0
.66445595,.26995438,.28612992,0,1,0,0
.39380491,.62518018,.59931326,1,1,0,1
.33362487,.92635703,.31246081,1,1,1,0
.25958976,.49741358,.073578253,0,1,0,0
.4253988,.19876012,.79360992,1,0,1,0
.55860239,.1995371,.25568312,0,0,1,0
.3842501,.79453695,.017307503,1,0,0,1
.76890415,.93303913,.976322,2,0,0,0
.48345086,.58289194,.68519932,0,1,1,0
.8455593,.19252785,.60881501,0,0,1,0
.36149612,.9416073,.191248,2,1,0,1
.22950575,.74500972,.034281697,1,1,0,0
.58902746,.82080644,.68552709,1,0,1,0
.68585962,.25502905,.055548612,1,1,1,1
.6318469,.2149117,.73479009,0,1,0,0
.49940112,.31939813,.14145714,1,1,1,0
.27211264,.78802937,.20800556,1,0,1,0
.42839822,.81858593,.70689529,1,1,0,0
.67675608,.073629305,.5162012,0,0,0,1
.28329417,.96875256,.14178519,2,1,1,1
.19514947,.18618152,.33183411,1,1,1,1
.66642249,.30154428,.41639227,1,1,0,1
.27365866,.87602627,.66942382,1,1,0,1
.93859541,.61515766,.80297571,1,1,0,0
.094704419,.58213198,.83115172,0,1,1,0
.92743057,.24364159,.98492271,0,0,0,1
.30406669,.86720377,.82235384,0,1,0,0
.82742923,.297905,.37662122,0,1,1,1
.64209902,.88916159,.15989605,1,1,1,0
.84631926,.82913071,.75149888,1,0,0,1
.80109894,.59301692,.082236938,2,1,0,1
.88133186,.12779477,.080919452,0,1,0,1
.18755296,.17554556,.42410931,1,0,0,0
.083963506,.13423465,.91116065,1,1,1,1
.36725372,.9155187,.083222322,1,1,1,0
.27982548,.064219922,.156431,2,0,1,1
.24174914,.035805315,.26472494,2,0,0,0
.3163228,.98028034,.79957891,0,1,0,0
.20992757,.78786653,.53904116,1,0,0,0
.80552173,.07692083,.71372491,0,0,0,0
.45499036,.7736963,.43430164,0,1,1,0
.15552682,.56951088,.58420616,1,1,1,0
.38378155,.74421316,.42101076,1,0,1,0
.41096118,.52286595,.12842023,1,1,1,0
.90104938,.14372288,.95837355,2,0,0,1
.62120503,.79587042,.77074325,1,1,0,0
.99205065,.81242478,.6788646,0,0,0,1
.94558328,.057689123,.28766385,2,0,0,1
.94735068,.39253736,.4059006,1,1,1,1
.62448674,.70124835,.71889281,1,1,0,0
.9240067,.35050198,.56841058,0,0,1,1
.38776875,.86263472,.96632153,0,0,0,1
.26058245,.67344254,.47579446,0,0,1,1
.56447881,.90932202,.48786536,1,1,0,0
.26005736,.5526849,.5174433,0,1,0,0
.42636281,.0093632108,.0084516127,1,1,0,1
.89220375,.039104123,.49781594,1,1,0,0
.48074183,.45677289,.28948307,1,1,1,0
.60091996,.53326786,.19387309,0,0,1,1
.49983394,.17601827,.9861744,1,1,0,1
.52984041,.0081024477,.96143466,1,0,0,0
.75695229,.74982512,.06711439,1,0,0,0
.56060618,.1486135,.28542545,1,0,0,0
.94880116,.20640327,.71840334,2,0,1,1
.57092321,.32476717,.56711119,0,1,1,0
.82474774,.30332202,.99531037,1,1,0,0
.74075156,.86944014,.024980687,2,1,1,1
.053893093,.67746025,.45565578,2,0,1,1
.55321294,.072142534,.29862884,0,1,1,0
.30646273,.18550491,.84773719,2,0,0,1
.58010489,.82107979,.76772535,1,0,0,0
.71874928,.66631919,.6626116,1,1,0,1
.36085671,.51287621,.41047266,1,1,0,0
.71499115,.10607915,.5626024,1,0,1,1
.64339972,.58676833,.82646775,2,1,0,0
.11511658,.475997,.57656235,1,1,0,1
.093002833,.79524875,.85787779,2,1,1,0
.84061056,.16916133,.78102505,2,0,1,1
.61572933,.11555988,.16119049,0,0,1,1
.42634046,.63637704,.7701295,2,0,1,1
.92509788,.16197301,.67582738,1,0,1,0
.94192845,.59273958,.2943942,1,1,0,1
.39704043,.15053567,.42198536,0,0,0,0
.49346808,.056203857,.25239837,1,1,0,0
.18852597,.2739917,.2330635,1,0,0,1
.12703425,.83828962,.75722098,2,0,0,1
.89121109,.67622864,.49539632,1,0,0,0
.71115088,.062307157,.96073449,1,1,0,1
.78222269,.37982196,.13317831,2,0,1,1
.68632317,.29255274,.45455128,1,0,0,0
.10683528,.45369756,.38221201,0,1,0,1
.63769794,.61184192,.50217158,1,1,0,0
.030431658,.67955482,.64292955,1,0,1,0
.65672857,.32454848,.22727449,1,0,1,0
.6572538,.13280988,.15235654,0,1,1,0
.65486407,.57160038,.5785231,2,0,1,1
.46510911,.24735004,.24415256,1,1,0,0
.6088593,.58472794,.70655167,2,1,1,1
.82453489,.10480413,.58109057,2,0,0,1
.83545047,.64530849,.81208509,1,1,1,0
.34334701,.47945848,.72462708,1,0,1,1
.19344424,.29045981,.9220612,0,1,1,1
.53824317,.90784723,.58332914,1,0,1,1
.18685001,.22447154,.58555144,1,0,1,0
.68123364,.86491245,.483897,1,1,0,0
.10830281,.70920068,.00026219772,0,1,0,1
.48444948,.43786684,.26257455,0,0,0,0
.2912139,.34774339,.61737955,0,0,0,0
.55931979,.98703581,.43938342,0,1,0,0
.7146343,.13403143,.61892319,2,0,0,0
.11071897,.36491463,.77273756,1,0,1,1
.085317828,.56583786,.72552329,0,0,0,1
.48514375,.70685172,.99184203,1,1,0,1
.3017785,.67841023,.338218,0,1,1,0
.8840149,.30155823,.061576407,2,0,1,0
.61713737,.96139514,.84141576,0,0,1,0
.20882109,.55120045,.2126873,0,0,1,0
.38500771,.78469926,.04506626,2,1,1,0
.20110108,.48331818,.37644154,1,0,0,1
.38999191,.16378021,.88060784,0,0,0,0
.57969165,.93880111,.83668059,2,1,1,0
.4572753,.26679784,.38031033,2,0,0,0
.22540654,.60683894,.77565557,0,0,1,0
.31335634,.70971411,.25705707,2,1,1,0
.17732583,.38026029,.86727494,2,0,0,1
.4932788,.14361408,.71867758,1,1,1,1
.64608032,.46735185,.1447994,0,0,1,1
.96626276,.089676745,.8849808,1,0,0,1
.20035228,.80999118,.73767519,0,1,1,0
.81529826,.56817824,.47829172,2,1,1,0
.78920305,.82782161,.2564567,1,0,1,1
.23796946,.22425021,.89674896,0,1,0,1
.75940466,.26152036,.87057894,1,1,1,1
.70843965,.2865611,.85031414,1,1,1,1
.8129425,.16996233,.90120643,2,1,1,0
.49899763,.30026683,.67340744,1,0,0,1
.39322147,.39364895,.39197075,1,0,1,0
.64190298,.74657023,.67047375,0,0,1,1
.42162991,.025810465,.86209852,1,1,0,0
.73947942,.72190082,.30656341,0,1,0,1
.011261369,.65156162,.89171702,1,1,1,0
.40375656,.26413366,.5768261,1,1,0,0
.17242971,.027311536,.8287288,1,1,1,0
.92879617,.15974517,.87918538,1,1,0,0
.10117944,.91411132,.60388666,1,0,0,1
.98134035,.31392798,.10611591,2,1,1,0
.44950971,.62462479,.044330396,2,0,0,0
.35547775,.78036481,.80642152,1,0,1,1
.93910724,.79143685,.4539516,1,0,0,0
.27406636,.6305691,.38179085,0,0,1,0
.68603534,.90893739,.53516787,1,0,1,1
.13723864,.81710142,.74450999,1,0,1,1
.42994609,.53477859,.63503581,2,0,1,0
.22037773,.69178861,.35030118,2,1,0,0
.47292635,.11923716,.69416952,1,1,1,0
.52126533,.25412419,.85347134,2,1,0,1
.074917123,.073902719,.64644742,2,1,1,0
.47440594,.88252884,.51140559,2,0,0,0
.82548159,.73328894,.43741119,2,1,1,1
.73034769,.54839295,.46846035,1,1,0,0
.10893215,.094749384,.22212476,1,0,1,0
.099590696,.91107923,.011059622,1,0,1,1
.28740114,.62662309,.20008039,2,0,0,1
.79311669,.29222026,.76751465,2,1,1,0
.061695315,.71352541,.13980119,2,0,1,1
.27667305,.85912901,.1756195,1,1,0,0
.88808531,.61464,.42981777,0,0,0,0
.33265918,.53115487,.85377228,0,0,0,1
.96515703,.08367411,.29618508,2,1,0,1
.77608317,.37837046,.50252557,1,0,1,1
.64382392,.41115713,.55408233,1,1,1,1
.18601023,.22673142,.52806938,0,1,1,1
.32821113,.60595435,.42517877,1,0,1,1
.96600401,.58565795,.39792761,1,1,1,0
.00070698233,.081375636,.25253546,2,1,1,0
.37725368,.82476109,.093235239,1,1,1,1
.75327921,.050009277,.23758417,0,0,0,0
.7924394,.78596371,.0061236611,2,1,1,1
.81903189,.23969488,.92975569,1,0,0,1
.73808444,.65826762,.62310231,1,1,1,0
.53616583,.86924875,.90231693,1,1,1,0
.12838617,.86148572,.19983555,0,1,1,1
.53750342,.73711121,.70813596,2,0,1,1
.70688498,.065460756,.87706816,1,1,0,1
.52057016,.79523271,.78911865,1,1,0,1
.86874098,.37266108,.15576752,1,0,0,0
.73455387,.84386718,.8300916,1,1,1,1
.65582871,.42991886,.0518962,0,0,1,0
.99353886,.22239809,.88346171,2,1,0,0
.45147014,.23857903,.41961479,1,1,1,0
.6436891,.096892528,.3231712,0,1,1,0
.41654235,.38361585,.92044294,2,1,1,0
.32065254,.6238085,.90103674,0,1,1,0
.81958318,.83294368,.31069019,1,1,1,0
.38051465,.81829041,.98190498,1,0,0,0
.1259549,.17149077,.085923441,0,1,1,1
.53245473,.42330685,.9007014,2,0,0,0
.46834612,.4826856,.56857806,2,0,1,1
.57856005,.75518763,.3352035,1,0,1,1
.21553977,.82333159,.43258554,0,0,0,0
.41688204,.097121425,.63010567,1,1,0,1
.75895733,.072100841,.0053633465,2,0,0,1
.86157459,.87653124,.57358873,1,1,0,1
.44585493,.42440912,.79907227,1,0,0,0
.18162569,.53683561,.22046924,1,1,0,1
.54438192,.9054963,.5023216,0,0,1,0
.43009531,.96159208,.6135788,2,0,1,1
.34638432,.472202,.018463233,1,0,0,0
.27201545,.57879788,.16289714,1,1,1,1
.82365733,.67945737,.6098519,0,0,1,1
.25950375,.49726927,.51021314,2,0,0,0
.65849149,.37450141,.78635442,1,1,1,0
.33432856,.099207126,.37933841,0,1,1,0
.35890132,.94169527,.10154998,1,1,1,0
.62819517,.0045188703,.10181531,1,0,1,0
.77579737,.32062483,.63827217,1,1,1,1
.8224076,.49339661,.62292695,0,1,1,0
.031303838,.08508341,.66020757,2,0,1,0
.50511491,.76031303,.36530575,1,0,1,1
.056207471,.92480123,.33461368,2,0,1,1
.2400097,.93363369,.79408419,2,1,0,0
.26011935,.78621405,.74850851,2,1,1,1
.26452911,.33381867,.79765975,1,1,0,0
.37129354,.12059575,.75126141,1,0,1,0
.56163567,.1621844,.69282633,1,0,1,1
.85426784,.37405896,.73164421,0,1,1,1
.085842937,.62364846,.92470276,1,1,0,0
.78868663,.73711336,.86397332,1,0,1,1
.67735565,.0062216106,.51444978,1,1,0,1
.91104966,.1130913,.041244864,2,1,1,1
.055848122,.19720973,.41077927,2,0,0,1
.43589342,.67358273,.20352872,1,1,1,1
.86999577,.47364444,.57643348,1,0,1,1
.19821644,.88550824,.52839684,0,0,1,1
.65900862,.10856289,.16156074,0,1,1,1
.91411173,.69514114,.60075599,0,1,1,1
.65111929,.4102639,.27652568,1,0,0,0
.21328329,.11227749,.77165234,2,0,0,1
.25255054,.76089907,.75223291,2,1,0,0
.3240464,.46962455,.041160997,0,0,1,0
.71495628,.21384549,.26923376,0,1,1,0
.47355464,.65156567,.30390713,2,1,1,0
.41103026,.49156535,.64193809,2,0,1,0
.84749645,.56787372,.87486833,1,0,0,0
.5366177,.45401305,.12636365,1,1,1,0
.2184017,.71401638,.87914133,1,0,1,0
.53805798,.90381968,.3758404,0,1,1,0
.51595122,.96224833,.87583965,0,1,1,0
.65636265,.85128045,.99015301,1,1,0,0
.44592977,.086493298,.70291668,1,1,1,1
.15363848,.90195268,.34236842,1,0,0,1
.41224742,.42149165,.55286062,1,0,1,0
.60734606,.61804342,.29240978,1,1,0,1
.32975903,.11097661,.72720969,2,0,0,0
.069588445,.27655345,.65580297,1,0,0,1
.23338878,.15342794,.5150544,1,0,1,1
.54305589,.18886395,.79058504,0,1,0,1
.78713959,.81468868,.45484307,1,1,0,0
.3082279,.55407047,.6107164,1,1,1,0
.31758299,.33661738,.63592118,0,0,0,1
.98038232,.80502027,.36703563,1,0,0,0
.57075012,.15422066,.60745734,0,0,1,1
.19491386,.83914572,.63116878,2,0,0,0
.2326497,.077498429,.87872767,1,0,0,0
.39809486,.78959286,.10325437,0,1,0,1
.97638148,.43422943,.76710421,1,0,1,0
.14378983,.929232,.36652327,2,0,1,1
.52525938,.86252731,.91069072,1,1,1,0
.1712722,.7080251,.66824675,0,1,1,1
.79684573,.1714696,.0099153854,0,0,0,0
.33600476,.7056073,.17179757,1,0,1,1
.71324855,.54116035,.23585667,0,0,0,1
.21677871,.49473068,.47415262,1,1,0,1
.45687997,.69988686,.5689944,1,1,1,0
.24291606,.0892324,.86919695,0,0,0,0
.38656393,.81369108,.87659258,1,1,0,0
.041553773,.28767893,.33969408,0,0,0,1
.90707636,.1713814,.52764046,1,1,0,0
.50094092,.28493848,.025225746,1,1,0,1
.057147454,.75967395,.83195728,2,0,0,0
.69797796,.68153858,.40772685,1,0,1,1
.69989359,.53626257,.050252333,2,1,1,1
.72948951,.59063596,.88764048,0,1,1,0
.10818639,.024891177,.40151662,1,1,0,0
.98663723,.93024623,.78464925,0,0,1,0
.59552175,.63477993,.80770344,2,0,0,0
.16153955,.41056362,.2133493,2,1,0,0
.45446286,.11884408,.3804749,1,0,1,0
.84471554,.86083478,.9808476,1,1,1,1
.6173082,.030564291,.38448271,0,1,1,1
.20091718,.83261967,.69491655,0,0,0,1
.46204793,.022137968,.64477849,0,1,1,1
.11117173,.88803053,.93312997,2,0,0,1
.70361686,.40643561,.74755198,2,0,0,0
.45579416,.054662883,.79711193,1,0,1,0
.5360201,.25998622,.020067623,0,0,0,0
.7959671,.84306961,.55423772,1,1,0,0
.74067992,.58618045,.57362288,1,0,1,1
.23373772,.59491509,.4918713,2,1,0,1
.58626217,.088081151,.98377359,0,0,0,0
.64545822,.65199995,.66136724,0,0,0,1
.57266235,.19560467,.73592925,2,0,1,1
.46663097,.47281125,.97642493,1,1,0,0
.4546071,.63097191,.64830184,0,1,0,0
.051988035,.60754943,.42056963,1,1,0,1
.022671068,.74740511,.9844529,1,0,0,0
.64508772,.55756092,.37268782,2,1,1,0
.60791391,.72209078,.86807644,2,0,0,1
.80391407,.16760516,.31449205,1,1,1,0
.58223283,.31247315,.11201406,2,0,0,0
.74432915,.22097848,.41043943,2,0,1,1
.092554405,.29222393,.8730545,1,0,0,1
.15088859,.82064062,.14538209,0,1,0,1
.1483774,.16944587,.133099,1,0,0,1
.24955077,.2881701,.029834261,2,0,0,1
.074036963,.71273452,.75296724,1,0,1,1
.37123969,.026532216,.20430569,1,1,0,1
.051321406,.46810338,.84250081,0,0,1,1
.036090907,.9028464,.036600068,0,0,1,1
.46536517,.5289284,.3173531,1,1,1,1
.49795076,.022546837,.89826709,0,0,0,0
.95769686,.40959013,.74598229,1,0,0,0
.97970456,.6509701,.12173666,1,0,0,0
.22487096,.95645159,.15997405,0,1,0,1
.57639229,.12213662,.39911407,0,1,1,1
.26558584,.0070858896,.90065759,1,0,0,0
.037940666,.58518666,.67123222,0,1,1,1
.047119059,.41389963,.98248225,1,1,1,1
.6345377,.73506874,.042899456,2,0,0,1
.33018449,.96510237,.19393072,0,0,1,1
.10836288,.40320501,.99688792,2,0,0,0
.4932082,.34333175,.14622816,1,0,0,1
.93233496,.40236169,.19765556,2,1,1,1
.4432939,.84592301,.36603782,1,0,0,1
.96180171,.055569883,.85956651,2,0,0,0
.33966005,.72255844,.45500842,1,1,1,0
.62955266,.73796743,.21496657,2,0,0,1
.22841744,.57958758,.61840117,2,0,1,0
.094634756,.16512766,.39899015,2,1,0,0
.93351138,.59313124,.097548932,1,1,1,0
.81857038,.58879286,.88248283,1,1,0,1
.84016466,.51929289,.31381917,1,0,1,0
.99040312,.72700071,.079398222,0,0,1,1
.64782542,.67156559,.53597975,1,1,1,1
.91990149,.40178394,.89889514,0,1,1,0
.78743243,.96857327,.8192063,1,0,0,0
.048253804,.49348137,.65108311,1,0,0,0
.81056386,.10310601,.14570467,1,1,0,0
.55347359,.83306748,.9127304,1,1,0,0
.14823754,.20854603,.87627625,1,0,0,1
.69304448,.11222272,.99463338,0,0,0,1
.12592901,.78532958,.36654595,2,0,1,0
.15944964,.32500017,.96412623,1,0,0,1
.025057621,.069022425,.21787563,1,0,0,0
.21902253,.26482913,.05745494,1,0,0,1
.29426411,.22629629,.50720561,1,1,0,0
.19867197,.96361893,.43127248,0,0,1,0
.4836466,.30069697,.42333287,1,0,1,0
.50672603,.77502185,.058313034,1,1,1,0
.81551898,.67475504,.38312894,0,0,0,0
.31846735,.98846298,.043676443,1,0,0,1
.59444106,.14468701,.54549915,2,1,0,1
.32870698,.78039545,.45329508,1,0,0,0
.62773234,.31982604,.900343,0,1,0,1
.89536798,.6221174,.4660176,0,0,1,0
.37120926,.5839017,.65918207,1,1,1,1
.38173288,.45897186,.8662141,1,0,1,0
.20791399,.0082519138,.27834472,1,0,1,0
.54292363,.7821244,.71423894,1,0,0,1
.03842425,.76545453,.42416945,1,0,0,0
.07809414,.014964786,.19935521,2,0,0,1
.98984009,.7126323,.50837457,0,1,1,0
.39358434,.31564119,.52444941,2,0,1,0
.61398429,.29604813,.86151552,0,1,1,1
.76375669,.31226733,.3924208,1,1,1,0
.66184723,.2931667,.92732781,1,1,0,0
.56533772,.28063184,.62318683,1,0,1,0
.82748401,.51375031,.15201388,2,0,1,1
.51939833,.88960171,.69185388,1,0,0,0
.80645925,.70295495,.88179535,0,1,1,1
.77072692,.83230126,.31631029,1,0,0,1
.96797919,.42308033,.12732983,1,1,1,1
.79436868,.068228647,.80733931,0,1,1,1
.74765873,.40556124,.65695393,2,0,1,1
.1952934,.24998996,.47742513,0,0,1,1
.49288413,.4443464,.66125649,1,1,0,1
.90339315,.026176224,.26745394,1,1,0,0
.91869956,.1297535,.87560833,0,0,1,1
.042807959,.87517434,.57654124,1,1,1,0
.18330842,.051599365,.86484843,0,0,1,0
.56913543,.65268016,.68267864,0,0,0,1
.75533706,.022876551,.73533249,1,1,0,1
.97176403,.46957341,.10712635,2,1,0,1
.58865148,.24678941,.82491493,2,0,1,0
.60217357,.74313736,.65931302,1,1,0,1
.44565597,.090634897,.9632628,1,1,0,1
.99559164,.40607941,.64793742,2,0,0,0
.55010349,.31301627,.90078771,1,1,0,0
.10453226,.7273261,.057112295,2,0,1,0
.49462959,.47057635,.21113679,0,1,0,0
.93419927,.32746229,.30941653,0,0,0,1
.51453948,.43118078,.23964484,0,1,1,1
.21680664,.5497489,.11440913,1,1,1,0
.58786112,.78890842,.15602927,2,1,0,0
.476859,.46463567,.9633739,2,1,1,1
.82946926,.1820825,.41828969,2,1,1,1
.17982224,.20374092,.1185988,2,1,1,0
.95529777,.66368145,.64900994,2,0,0,1
.57941866,.25687352,.39125955,1,0,1,0
.1375279,.45463288,.39354861,1,0,0,1
.17991872,.56377441,.38846302,1,1,0,1
.65068281,.892295,.62063086,1,1,0,1
.1910678,.45546806,.49223033,2,1,1,1
.37615958,.63040441,.70753461,1,0,1,0
.96630967,.22237095,.29566789,2,0,1,0
.59412241,.97696269,.61697733,1,1,0,1
.79497945,.34677193,.057688646,2,0,1,0
.96033829,.97456604,.11141041,1,1,0,0
.91876376,.36492875,.77125382,1,0,1,0
.89180195,.56054479,.25890985,1,0,0,1
.31033534,.003529137,.83810318,2,1,1,1
.7020238,.76282257,.31485945,1,1,1,0
.3573204,.13065268,.87220699,1,0,1,1
.073677674,.7391482,.43623823,1,0,0,1
.12173639,.43620285,.68455458,0,1,0,1
.4524084,.19961108,.71266836,2,1,0,1
.17471683,.19243295,.27705106,1,0,0,0
.60627037,.551687,.073641635,1,1,1,0
.94333541,.075028636,.63551885,2,1,1,1
.66799206,.86418986,.557266,1,0,1,1
.46826726,.55837864,.089548878,1,0,0,1
.28866196,.07300216,.5024429,2,0,0,0
.6053912,.66280639,.10968083,1,0,0,1
.90979588,.47826007,.82258898,0,1,1,1
.7959854,.36886725,.093982957,0,1,1,0
.17215328,.3517991,.012218564,1,0,0,1
.8847127,.76550084,.27712667,1,1,1,0
.4953787,.19860417,.60589498,1,0,1,0
.90562946,.25147805,.44387016,1,0,0,0
.72692811,.34171718,.18330273,1,1,1,0
.24070662,.32988662,.33680972,2,0,0,1
.48734662,.80549526,.65521771,1,0,0,1
.32570344,.067067981,.86066222,0,0,0,0
.57185346,.43580049,.59785086,2,1,1,0
.26447004,.90684599,.0023387636,1,1,0,0
.86212403,.078313299,.67101097,2,0,1,1
.54164374,.94734949,.88729185,1,1,0,0
.49604133,.20934418,.25862867,1,1,1,1
.58583784,.38939935,.63331002,2,1,1,0
.89947373,.68840742,.16815309,1,1,1,0
.93927723,.44143805,.96696699,2,1,1,1
.0071037044,.994192,.97163236,2,0,1,0
.30022678,.31753516,.22484155,0,1,1,0
.35181543,.4347969,.7581107,1,1,1,1
.89459425,.99481755,.57459891,2,0,0,0
.17609595,.56027639,.033221927,0,1,0,0
.67179835,.25066835,.49565002,0,0,0,1
.57885617,.23653066,.29510036,1,0,1,0
.65369308,.50352496,.45166335,1,0,1,0
.42194885,.37844947,.75603467,0,0,1,1
.58539289,.94972265,.6570279,2,1,0,1
.2691994,.2095516,.053061951,1,1,0,0
.52117622,.73930871,.78447145,1,0,1,1
.41726753,.2270574,.78364789,1,1,0,0
.63988549,.45530513,.91477978,1,0,1,0
.86231554,.70487952,.045055036,0,1,1,1
.53807437,.57825917,.048237756,1,1,1,0
.85750639,.58864695,.67103815,2,1,1,0
.12706284,.25747883,.19835484,1,0,0,1
.9703508,.59593266,.32442054,1,0,0,0
.79965234,.8344782,.14841259,2,1,0,1
.15343671,.24121872,.073084027,1,1,1,0
.62146258,.76958793,.85927808,1,1,0,1
.83753866,.87599629,.42637363,0,1,1,1
.18696521,.33798391,.66915303,0,0,0,1
.40452173,.16747108,.44444263,1,1,0,1
.50007457,.23492892,.79337454,0,0,0,0
.68595535,.18818466,.75961959,0,0,0,1
.98490846,.22127911,.5293864,1,0,0,1
.22750288,.75199074,.42124498,1,0,0,1
.34417599,.12136006,.86382192,1,0,1,1
.34869471,.99804807,.8112641,2,0,1,0
.9280355,.12357916,.79184502,1,1,1,1
.44428593,.15630947,.60820401,2,0,0,0
.15109375,.2207405,.62890649,1,0,0,1
.86287332,.69729102,.37265259,1,0,1,1
.27465621,.94496644,.68731159,1,0,1,1
.23963732,.71308559,.11320969,1,1,1,1
.39355785,.32935113,.4571659,1,1,0,0
.14243992,.62570554,.58028996,0,0,0,0
.658261,.042582318,.35013369,0,1,0,1
.26703781,.27372029,.64530647,1,0,0,0
.97961396,.52199662,.74180257,2,1,1,0
.25950304,.71847254,.0086302292,1,0,0,1
.10572475,.5751977,.53933269,1,0,0,1
.1764681,.90906942,.15711464,1,0,0,0
.46003917,.51726913,.34544489,2,1,1,0
.11346183,.044362571,.9196288,0,0,1,1
.80084336,.25178558,.6403715,1,0,1,0
.55169755,.6442908,.77493882,0,0,1,0
.61952215,.54845965,.50620723,2,1,0,0
.92150676,.86055756,.63506925,1,1,0,0
.53934437,.49805406,.26399919,1,0,1,0
.37115768,.0011826063,.8186444,1,0,1,1
.78365463,.47497314,.19633524,2,0,0,1
.82419115,.39834613,.75737268,0,1,0,1
.13852815,.9503895,.32513416,2,0,1,1
.44836882,.74815273,.18784308,2,1,1,0
.61177582,.75436628,.58968067,0,1,0,0
.2706984,.92517263,.99340141,1,0,0,1
.20987193,.9257322,.37245321,0,1,1,0
.3719953,.78415287,.70034122,1,0,0,1
.1937122,.70417428,.041655827,0,0,0,0
.23681404,.68064249,.27126834,2,1,1,1
.55960649,.21478644,.65153235,0,0,1,1
.65913349,.52511621,.63777953,1,0,1,1
.79194868,.51409584,.71887076,0,1,0,1
.95272547,.5411157,.5301249,1,1,1,0
.37462476,.03863325,.73079157,0,0,1,1
.68860352,.58225501,.78263617,2,0,0,0
.20652877,.96154255,.75790757,2,0,0,0
.12414103,.51048166,.49182317,1,1,1,0
.76679546,.18729576,.13958418,2,0,0,0
.40317568,.3580668,.36860907,1,0,0,1
.73453748,.16353975,.10478555,1,1,1,1
.64789581,.93344498,.23549391,1,0,1,1
.19593933,.28251544,.74123025,0,1,1,0
.80326015,.32210594,.40168384,2,0,1,0
.46271938,.63941205,.19449534,1,0,1,1
.10322321,.59512132,.028097216,1,1,1,0
.61185825,.77822298,.11045246,1,1,1,0
.93460697,.029649615,.69497991,1,0,1,0
.78011298,.15820824,.21872319,0,0,1,1
.012004687,.65367657,.86483651,2,1,1,1
.49135807,.74911386,.25474015,1,0,0,0
.89576977,.63275486,.26726869,0,0,1,0
.69257069,.71457535,.89799345,1,1,0,0
.71057665,.37088397,.83643514,1,1,0,0
.52516448,.62457144,.3650746,0,0,1,0
.87980783,.56865686,.40910566,1,1,0,0
.32430759,.56404823,.35760382,1,1,0,0
.16772106,.259518,.72283375,1,0,0,0
.52174264,.94465768,.24430588,2,0,1,0
.19276053,.9511674,.86463958,1,1,1,1
.79116964,.93923968,.86993444,1,1,0,0
.46141154,.67650747,.25138238,2,0,1,1
.57696849,.67318034,.42437348,0,1,1,1
.11451076,.45792907,.78013211,1,1,0,1
.31915873,.75865078,.066529281,0,0,0,1
.75654119,.85152465,.48349592,0,1,1,1
.26597932,.64893562,.9704417,1,0,1,1
.63469863,.76369601,.22571993,0,1,1,1
.8329733,.73044568,.40852872,1,0,1,0
.85485792,.97827703,.99087185,1,1,1,0
.52628684,.99009067,.23692554,1,0,0,1
.47997236,.041732304,.55309796,1,0,0,0
.74781609,.8077358,.028573094,1,0,1,0
.21370238,.93091607,.84284097,1,0,0,0
.92160755,.039657634,.92763263,2,1,1,0
.57233602,.86374831,.3770228,2,1,1,1
.30633068,.44276685,.13403274,1,0,1,1
.20026273,.87203562,.5932591,1,0,0,1
.57412761,.045185566,.2934919,1,0,1,0
.2799741,.021939313,.29557467,1,0,1,0
.32496646,.33024573,.7951954,1,0,0,0
.016331919,.79307765,.40650418,2,0,0,1
.89423746,.28341055,.70116156,2,1,0,1
.33618382,.8866381,.82956499,1,1,0,1
.12716393,.45915416,.98244321,0,0,0,0
.99667579,.078547388,.10186928,1,0,0,0
.44000608,.28536919,.1497701,2,0,0,0
.54356176,.85705376,.061751582,0,1,0,1
.60617918,.17748028,.018413385,1,0,0,0
.18745893,.10142318,.51487899,1,0,1,0
.91145879,.7584514,.21444464,1,1,0,0
.040323511,.93345904,.0092689767,0,0,0,1
.049885161,.9321633,.63353509,1,1,1,1
.014400955,.092642099,.43353531,2,0,1,1
.7288633,.72506189,.87477702,1,0,1,1
.41512281,.80687791,.99438602,0,1,1,0
.86249065,.98535407,.44501117,1,1,0,1
.086904868,.76801968,.024146482,0,1,0,0
.73621333,.25255567,.26771921,1,1,0,1
.37446439,.45316088,.78158134,0,1,0,1
.72294927,.068372697,.61520314,1,0,0,0
.84982723,.35139194,.039331816,1,1,0,0
.28710029,.21328951,.94519949,1,0,1,0
.80943578,.46898869,.85529,0,1,0,0
.096242845,.8096202,.50915056,1,0,1,0
.13466905,.14234315,.12996511,1,1,0,1
.37144721,.0072246222,.89406133,1,0,0,1
.53627646,.40247625,.93325949,1,0,1,1
.069027498,.63947487,.25546041,0,0,1,1
.6050362,.09254387,.31564343,2,1,1,0
.7913872,.64307088,.56003624,0,0,1,0
.064012274,.8764028,.20102355,2,0,0,0
.51500547,.79353672,.28964558,1,0,1,1
.16423495,.65955311,.40218222,2,1,0,0
.20756364,.69172198,.25779498,1,1,0,1
